BookingID,Registration,AppointmentDate,ExpectedOffRoadFrom,ExpectedOffRoadTo,TestCentre,BookingStatus,Notes,RecordedAt,RecordedBy
MOTB0001,AMB101,2026-08-25,2026-08-25T08:00,2026-08-25T16:00,Canvey Commercial Testing,Booked,Priority booking following overdue exception,2026-08-05T09:45:00,Demo Admin
MOTB0002,AMB248,2026-08-24,2026-08-24T08:00,2026-08-24T14:00,Canvey Commercial Testing,Booked,Priority booking following overdue exception,2026-08-07T13:01:00,Demo Admin
MOTB0003,AMB126,2026-08-22,2026-08-22T08:00,2026-08-22T12:00,Canvey Commercial Testing,Booked,Priority booking following overdue exception,2026-08-18T15:11:00,Demo Admin
MOTB0004,AMB254,2026-08-25,2026-08-25T08:00,2026-08-25T16:00,Canvey Commercial Testing,Booked,Priority booking following overdue exception,2026-08-12T11:47:00,Demo Admin
MOTB0005,AMB127,2026-08-24,2026-08-24T08:00,2026-08-24T12:00,Canvey Commercial Testing,Booked,Priority booking following overdue exception,2026-08-03T13:14:00,Demo Admin
MOTB0006,AMB159,2026-08-24,2026-08-24T08:00,2026-08-24T16:00,Canvey Commercial Testing,Booked,Priority booking following overdue exception,2026-08-02T14:42:00,Demo Admin
MOTB0007,AMB168,2026-09-01,2026-09-01T08:00,2026-09-01T14:00,Canvey Commercial Testing,Booked,Planned MOT booking,2026-08-02T10:04:00,Demo Admin
MOTB0008,AMB179,2026-09-02,2026-09-02T08:00,2026-09-02T14:00,Canvey Commercial Testing,Booked,Planned MOT booking,2026-08-01T13:30:00,Demo Admin
MOTB0009,AMB201,2026-09-03,2026-09-03T08:00,2026-09-03T14:00,Canvey Commercial Testing,Booked,Planned MOT booking,2026-08-10T09:24:00,Demo Admin
MOTB0010,AMB116,2026-09-03,2026-09-03T08:00,2026-09-03T14:00,Chelmsford Fleet Services,Booked,Planned MOT booking,2026-08-02T10:22:00,Demo Admin
MOTB0011,AMB128,2026-09-05,2026-09-05T08:00,2026-09-05T12:00,Southend Vehicle Test Centre,Booked,Planned MOT booking,2026-08-18T09:39:00,Demo Admin
MOTB0012,AMB178,2026-09-09,2026-09-09T08:00,2026-09-09T12:00,Chelmsford Fleet Services,Booked,Planned MOT booking,2026-08-04T12:13:00,Demo Admin
MOTB0013,AMB242,2026-09-05,2026-09-05T08:00,2026-09-05T12:00,Canvey Commercial Testing,Booked,Planned MOT booking,2026-08-14T13:01:00,Demo Admin
MOTB0014,AMB296,2026-09-09,2026-09-09T08:00,2026-09-09T12:00,Canvey Commercial Testing,Booked,Planned MOT booking,2026-08-10T16:33:00,Demo Admin
